{
  "translate-drag (5 pts)": {
    "p50": 0.40000003576278687,
    "p95": 0.5
  },
  "translate-drag (1K pts)": {
    "p50": 0.5999999642372131,
    "p95": 0.7000000476837158
  },
  "translate-drag (all pts)": {
    "p50": 2.400000035762787,
    "p95": 7.200000047683716
  },
  "nudge (all pts)": {
    "p50": 34.19999998807907,
    "p95": 41.200000047683716
  },
  "undo (all pts)": {
    "p50": 31.100000023841858,
    "p95": 32.69999998807907
  },
  "redo (all pts)": {
    "p50": 31.200000047683716,
    "p95": 33.40000003576279
  },
  "pen-tool (100 clicks)": {
    "p50": 81.69999998807907,
    "p95": 403.69999998807907
  },
  "pan (all selected)": {
    "p50": 0,
    "p95": 0
  },
  "zoom (all selected)": {
    "p50": 0,
    "p95": 0.10000002384185791
  }
}
